group,EF group (kgCO2/€),error group,Scope 3 category,subgroup,EF subgroup (kgCO2/€),error subgroup,source,,,
lab consumables,0.57,0.8,Purchased goods and services,Plastic,0.56,0.59,[1] Calculations subgroups,,[1],"M. De Paepe, L. Jeanneau, J. Mariette, O. Aumont, A. Estevez-Torres, Purchases dominate the carbon footprint of research laboratories, Biorxiv 2023 (https://doi.org/10.1101/2023.04.04.535626). Full table can be found here: https://entrepot.recherche.data.gouv.fr/dataset.xhtml?persistentId=doi:10.57745/HZNS3S"
lab consumables,0.57,0.8,Purchased goods and services,Glass,0.53,0.8,[1] Calculations subgroups,,[2],https://www.climatiq.io/data/emission-factor/97fcb45d-4ce6-4177-957a-b3b51b99ded7 
lab consumables,0.57,0.8,Purchased goods and services,Gloves,0.52,0.42,[1] HA01,,,
lab consumables,0.57,0.8,Purchased goods and services,Tissue Paper,0.7,0.39,[1] HA11,,,
lab consumables,0.57,0.8,Purchased goods and services,wood,0.48,0.08,[1] KC21,,,
lab consumables,0.57,0.8,Purchased goods and services,metal,0.48,0.15,[1] Calculations subgroups,,,
lab consumables,0.57,0.8,Purchased goods and services,rubber,1,0.2,[1] RA06,,,
lab consumables,0.57,0.8,Purchased goods and services,cardboard,0.67,0.2,[1] AC02,,,
lab consumables,0.57,0.8,Purchased goods and services,sand/quarz,0.61,0.27,[1] QA11,,,
lab chemicals,0.47,0.77,Purchased goods and services,Liquid nitrogen,0.42,0.33,[1] GA51,,,
lab chemicals,0.47,0.77,Purchased goods and services,Solvents,0.59,0.41,[1] Calculations subgroups,,,
lab chemicals,0.47,0.77,Purchased goods and services,antibiotics,0.15,0.12,"[1], NA76",,,
lab chemicals,0.47,0.77,Purchased goods and services,gases,0.43,0.6,[1] Calculations subgroups,,,
lab chemicals,0.47,0.77,Purchased goods and services,media,0.16,0.12,[1] NA75,,,
lab chemicals,0.47,0.77,Purchased goods and services,solid/liquid chemicals,0.45,0.36,[1] Calculations subgroups,,,
lab chemicals,0.47,0.77,Purchased goods and services,detergents,0.5,N/A,[2] ,,,
lab chemicals,0.47,0.77,Purchased goods and services,dry ice,0.96,0.77,[1] GA55,,,
life science,0.65,0.9,Purchased goods and services,Enzymes/proteins,0.19,0.21,[1] Calculations subgroups,,,
life science,0.65,0.9,Purchased goods and services,Antibodies,0.14,0.11,[1] Calculations subgroups,,,
life science,0.65,0.9,Purchased goods and services,Nucleic Acids,0.32,0.2,"[1], NA51",,,
life science,0.65,0.9,Purchased goods and services,Serum for cell culture,0.16,0.12,[1] NA71,,,
life science,0.65,0.9,Purchased goods and services,Plant material,1.7,0.6,[1] Calculations subgroups,,,
life science,0.65,0.9,Purchased goods and services,medications,0.36,0.19,"[1], KC24",,,
life science,0.65,0.9,Purchased goods and services,animals,0.67,0.9,[1] Calculations subgroups,,,
kits,0.38,0.62,Purchased goods and services,kits,0.38,0.62,[1] Calculations subgroups,,,
services,0.07,0.06,Purchased goods and services,prepaid sequencing labels,0.07,0.06,"[1], NE01 and NE02",,,
furniture,0.59,0.24,Capital goods,furniture,0.59,0.24,[1] Calculations subgroups,,,
office consumables,0.5,0.12,Purchased goods and services,office consumables,0.5,0.12,[1] AB01,,,
lab equipment,0.28,0.32,Capital goods,lab equipment,0.28,0.32,[1] Calculations groups,,,
