Kostenrechnungskreis,Kostenart übergreife,Column1,verantw. Kostenstelle übergreifend,Kostenstelle,Belegnummer,Segmenttext,EUR,Main Product Category,2nd level Product Category,Notes,2nd level Product Category2,Notes3,Column4
VIEX,XXXXXX,short description,XXXXXX,group description,invoice number,description text of the purchase used for classification by hand,81.20,lab chemicals,dry ice,,,,
VIEX,XXXXXX,short description,XXXXXX,group description,invoice number,description text of the purchase used for classification by hand,81.49,lab chemicals,dry ice,,,,
VIEX,XXXXXX,short description,XXXXXX,group description,invoice number,description text of the purchase used for classification by hand,81.55,lab chemicals,solid/liquid chemicals,,,,
VIEX,XXXXXX,short description,XXXXXX,group description,invoice number,description text of the purchase used for classification by hand,81.63,lab chemicals,solid/liquid chemicals,,,,
VIEX,XXXXXX,short description,XXXXXX,group description,invoice number,description text of the purchase used for classification by hand,81.84,lab consumables,plastic,,,,
VIEX,XXXXXX,short description,XXXXXX,group description,invoice number,description text of the purchase used for classification by hand,81.84,life sciences,nucleic acids,,,,
VIEX,XXXXXX,short description,XXXXXX,group description,invoice number,description text of the purchase used for classification by hand,82.35,kits,kits,,,,
VIEX,XXXXXX,short description,XXXXXX,group description,invoice number,description text of the purchase used for classification by hand,82.44,lab consumables,paper,,,,
VIEX,XXXXXX,short description,XXXXXX,group description,invoice number,description text of the purchase used for classification by hand,82.80,Office consumables,plastic,,,,
VIEX,XXXXXX,short description,XXXXXX,group description,invoice number,description text of the purchase used for classification by hand,83.09,lab chemicals,solid/liquid chemicals,,,,
VIEX,XXXXXX,short description,XXXXXX,group description,invoice number,description text of the purchase used for classification by hand,83.16,lab consumables,plastic,,,,
VIEX,XXXXXX,short description,XXXXXX,group description,invoice number,description text of the purchase used for classification by hand,83.16,lab chemicals,solid/liquid chemicals,,,,
VIEX,XXXXXX,short description,XXXXXX,group description,invoice number,description text of the purchase used for classification by hand,83.16,lab consumables,plastic,,,,
VIEX,XXXXXX,short description,XXXXXX,group description,invoice number,description text of the purchase used for classification by hand,83.16,lab consumables,glass,,,,
VIEX,XXXXXX,short description,XXXXXX,group description,invoice number,description text of the purchase used for classification by hand,83.16,lab consumables,glass,,,,
VIEX,XXXXXX,short description,XXXXXX,group description,invoice number,description text of the purchase used for classification by hand,83.16,lab chemicals,solid/liquid chemicals,,,,
VIEX,XXXXXX,short description,XXXXXX,group description,invoice number,description text of the purchase used for classification by hand,83.16,life sciences,nucleic acids,,,,
VIEX,XXXXXX,short description,XXXXXX,group description,invoice number,description text of the purchase used for classification by hand,83.21,lab chemicals,solid/liquid chemicals,,,,
VIEX,XXXXXX,short description,XXXXXX,group description,invoice number,description text of the purchase used for classification by hand,83.46,lab chemicals,solid/liquid chemicals,,,,
VIEX,XXXXXX,short description,XXXXXX,group description,invoice number,description text of the purchase used for classification by hand,83.52,life sciences,enzymes/proteins,,,,
VIEX,XXXXXX,short description,XXXXXX,group description,invoice number,description text of the purchase used for classification by hand,83.76,life sciences,enzymes/proteins,,,,
VIEX,XXXXXX,short description,XXXXXX,group description,invoice number,description text of the purchase used for classification by hand,83.76,life sciences,enzymes/proteins,,,,
VIEX,XXXXXX,short description,XXXXXX,group description,invoice number,description text of the purchase used for classification by hand,83.84,life sciences,enzymes/proteins,,,,
VIEX,XXXXXX,short description,XXXXXX,group description,invoice number,description text of the purchase used for classification by hand,83.97,life sciences,enzymes/proteins,,,,
VIEX,XXXXXX,short description,XXXXXX,group description,invoice number,description text of the purchase used for classification by hand,84.00,lab chemicals,dry ice,,,,
VIEX,XXXXXX,short description,XXXXXX,group description,invoice number,description text of the purchase used for classification by hand,84.00,lab consumables,plastic,,,,
VIEX,XXXXXX,short description,XXXXXX,group description,invoice number,description text of the purchase used for classification by hand,84.04,lab consumables,plastic,,,,
VIEX,XXXXXX,short description,XXXXXX,group description,invoice number,description text of the purchase used for classification by hand,84.22,lab consumables,plastic,,,,
VIEX,XXXXXX,short description,XXXXXX,group description,invoice number,description text of the purchase used for classification by hand,84.24,lab chemicals,solid/liquid chemicals,,,,
VIEX,XXXXXX,short description,XXXXXX,group description,invoice number,description text of the purchase used for classification by hand,84.24,life sciences,enzymes/proteins,,,,
VIEX,XXXXXX,short description,XXXXXX,group description,invoice number,description text of the purchase used for classification by hand,84.24,life sciences,nucleic acids,,,,
VIEX,XXXXXX,short description,XXXXXX,group description,invoice number,description text of the purchase used for classification by hand,84.24,lab chemicals,solid/liquid chemicals,,,,
VIEX,XXXXXX,short description,XXXXXX,group description,invoice number,description text of the purchase used for classification by hand,84.24,life sciences,animals,,,,
VIEX,XXXXXX,short description,XXXXXX,group description,invoice number,description text of the purchase used for classification by hand,84.26,lab chemicals,solid/liquid chemicals,,,,
VIEX,XXXXXX,short description,XXXXXX,group description,invoice number,description text of the purchase used for classification by hand,84.28,lab consumables,glass,,,,
VIEX,XXXXXX,short description,XXXXXX,group description,invoice number,description text of the purchase used for classification by hand,84.48,lab chemicals,solid/liquid chemicals,,,,
VIEX,XXXXXX,short description,XXXXXX,group description,invoice number,description text of the purchase used for classification by hand,84.59,lab consumables,plastic,,,,
VIEX,XXXXXX,short description,XXXXXX,group description,invoice number,description text of the purchase used for classification by hand,84.65,lab consumables,plastic,,,,
VIEX,XXXXXX,short description,XXXXXX,group description,invoice number,description text of the purchase used for classification by hand,84.67,lab chemicals,solid/liquid chemicals,,,,
VIEX,XXXXXX,short description,XXXXXX,group description,invoice number,description text of the purchase used for classification by hand,85.01,lab consumables,glass,,,,
VIEX,XXXXXX,short description,XXXXXX,group description,invoice number,description text of the purchase used for classification by hand,85.04,kits,kits,,,,
VIEX,XXXXXX,short description,XXXXXX,group description,invoice number,description text of the purchase used for classification by hand,85.09,lab chemicals,solid/liquid chemicals,,,,
VIEX,XXXXXX,short description,XXXXXX,group description,invoice number,description text of the purchase used for classification by hand,85.32,lab chemicals,solid/liquid chemicals,,,,
VIEX,XXXXXX,short description,XXXXXX,group description,invoice number,description text of the purchase used for classification by hand,85.38,life sciences,Plant material,,,,
VIEX,XXXXXX,short description,XXXXXX,group description,invoice number,description text of the purchase used for classification by hand,85.56,lab chemicals,gases,,,,
VIEX,XXXXXX,short description,XXXXXX,group description,invoice number,description text of the purchase used for classification by hand,85.61,lab chemicals,?,,,,
VIEX,XXXXXX,short description,XXXXXX,group description,invoice number,description text of the purchase used for classification by hand,85.75,lab chemicals,solid/liquid chemicals,,,,
VIEX,XXXXXX,short description,XXXXXX,group description,invoice number,description text of the purchase used for classification by hand,86.04,life sciences,enzymes/proteins,,,,
VIEX,XXXXXX,short description,XXXXXX,group description,invoice number,description text of the purchase used for classification by hand,86.18,life sciences,enzymes/proteins,,,,
VIEX,XXXXXX,short description,XXXXXX,group description,invoice number,description text of the purchase used for classification by hand,86.34,life sciences,Plant material,,,,
VIEX,XXXXXX,short description,XXXXXX,group description,invoice number,description text of the purchase used for classification by hand,86.40,life sciences,Plant material,,,,
VIEX,XXXXXX,short description,XXXXXX,group description,invoice number,description text of the purchase used for classification by hand,86.40,lab consumables,plastic,,,,
VIEX,XXXXXX,short description,XXXXXX,group description,invoice number,description text of the purchase used for classification by hand,86.50,?,?,,,,
VIEX,XXXXXX,short description,XXXXXX,group description,invoice number,description text of the purchase used for classification by hand,86.52,life sciences,nucleic acids,,,,
VIEX,XXXXXX,short description,XXXXXX,group description,invoice number,description text of the purchase used for classification by hand,86.54,lab consumables,plastic,,,,
VIEX,XXXXXX,short description,XXXXXX,group description,invoice number,description text of the purchase used for classification by hand,86.62,lab consumables,wood,,,,
VIEX,XXXXXX,short description,XXXXXX,group description,invoice number,description text of the purchase used for classification by hand,86.63,lab chemicals,water,,,,
VIEX,XXXXXX,short description,XXXXXX,group description,invoice number,description text of the purchase used for classification by hand,86.88,lab chemicals,solvents,,,,
VIEX,XXXXXX,short description,XXXXXX,group description,invoice number,description text of the purchase used for classification by hand,86.98,life sciences,nucleic acids,,,,
VIEX,XXXXXX,short description,XXXXXX,group description,invoice number,description text of the purchase used for classification by hand,87.48,lab consumables,glass,,,,
VIEX,XXXXXX,short description,XXXXXX,group description,invoice number,description text of the purchase used for classification by hand,87.77,life sciences,nucleic acids,,,,
VIEX,XXXXXX,short description,XXXXXX,group description,invoice number,description text of the purchase used for classification by hand,87.87,lab chemicals,solid/liquid chemicals,,,,
VIEX,XXXXXX,short description,XXXXXX,group description,invoice number,description text of the purchase used for classification by hand,87.93,lab chemicals,solid/liquid chemicals,,,,
VIEX,XXXXXX,short description,XXXXXX,group description,invoice number,description text of the purchase used for classification by hand,88.20,services,services,,,,
VIEX,XXXXXX,short description,XXXXXX,group description,invoice number,description text of the purchase used for classification by hand,88.40,life sciences,nucleic acids,,,,
VIEX,XXXXXX,short description,XXXXXX,group description,invoice number,description text of the purchase used for classification by hand,88.56,lab consumables,plastic,,,,
VIEX,XXXXXX,short description,XXXXXX,group description,invoice number,description text of the purchase used for classification by hand,88.56,kits,kits,,,,
VIEX,XXXXXX,short description,XXXXXX,group description,invoice number,description text of the purchase used for classification by hand,88.75,life sciences,antibodies,,,,
VIEX,XXXXXX,short description,XXXXXX,group description,invoice number,description text of the purchase used for classification by hand,88.85,lab chemicals,solvents,,,,
VIEX,XXXXXX,short description,XXXXXX,group description,invoice number,description text of the purchase used for classification by hand,88.92,lab chemicals,solvents,,,,
VIEX,XXXXXX,short description,XXXXXX,group description,invoice number,description text of the purchase used for classification by hand,89.24,lab chemicals,solvents,,,,
VIEX,XXXXXX,short description,XXXXXX,group description,invoice number,description text of the purchase used for classification by hand,89.24,lab consumables,metal,,,,
VIEX,XXXXXX,short description,XXXXXX,group description,invoice number,description text of the purchase used for classification by hand,89.78,lab consumables,gloves,,,,
VIEX,XXXXXX,short description,XXXXXX,group description,invoice number,description text of the purchase used for classification by hand,89.81,lab consumables,plastic,,,,
VIEX,XXXXXX,short description,XXXXXX,group description,invoice number,description text of the purchase used for classification by hand,89.85,lab chemicals,detergents,,,,
VIEX,XXXXXX,short description,XXXXXX,group description,invoice number,description text of the purchase used for classification by hand,90.17,lab consumables,plastic,,,,
VIEX,XXXXXX,short description,XXXXXX,group description,invoice number,description text of the purchase used for classification by hand,90.44,lab consumables,glass,,,,
VIEX,XXXXXX,short description,XXXXXX,group description,invoice number,description text of the purchase used for classification by hand,90.46,kits,kits,,,,
VIEX,XXXXXX,short description,XXXXXX,group description,invoice number,description text of the purchase used for classification by hand,90.50,kits,kits,,,,
VIEX,XXXXXX,short description,XXXXXX,group description,invoice number,description text of the purchase used for classification by hand,90.55,life sciences,nucleic acids,,,,
VIEX,XXXXXX,short description,XXXXXX,group description,invoice number,description text of the purchase used for classification by hand,90.60,life sciences,nucleic acids,,,,
VIEX,XXXXXX,short description,XXXXXX,group description,invoice number,description text of the purchase used for classification by hand,90.78,lab chemicals,solid/liquid chemicals,,,,
VIEX,XXXXXX,short description,XXXXXX,group description,invoice number,description text of the purchase used for classification by hand,91.20,lab consumables,plastic,,,,
VIEX,XXXXXX,short description,XXXXXX,group description,invoice number,description text of the purchase used for classification by hand,91.20,lab consumables,plastic,,,,
VIEX,XXXXXX,short description,XXXXXX,group description,invoice number,description text of the purchase used for classification by hand,91.20,lab chemicals,solid/liquid chemicals,,,,
VIEX,XXXXXX,short description,XXXXXX,group description,invoice number,description text of the purchase used for classification by hand,91.48,lab consumables,metal,,,,
VIEX,XXXXXX,short description,XXXXXX,group description,invoice number,description text of the purchase used for classification by hand,91.60,life sciences,enzymes/proteins,,,,
VIEX,XXXXXX,short description,XXXXXX,group description,invoice number,description text of the purchase used for classification by hand,91.82,life sciences,enzymes/proteins,,,,
VIEX,XXXXXX,short description,XXXXXX,group description,invoice number,description text of the purchase used for classification by hand,91.85,life sciences,enzymes/proteins,,,,
VIEX,XXXXXX,short description,XXXXXX,group description,invoice number,description text of the purchase used for classification by hand,92.14,life sciences,enzymes/proteins,,,,
VIEX,XXXXXX,short description,XXXXXX,group description,invoice number,description text of the purchase used for classification by hand,92.28,life sciences,enzymes/proteins,,,,
VIEX,XXXXXX,short description,XXXXXX,group description,invoice number,description text of the purchase used for classification by hand,92.40,life sciences,enzymes/proteins,,,,
VIEX,XXXXXX,short description,XXXXXX,group description,invoice number,description text of the purchase used for classification by hand,92.82,life sciences,enzymes/proteins,,,,
VIEX,XXXXXX,short description,XXXXXX,group description,invoice number,description text of the purchase used for classification by hand,92.98,life sciences,enzymes/proteins,,,,
VIEX,XXXXXX,short description,XXXXXX,group description,invoice number,description text of the purchase used for classification by hand,92.98,lab consumables,plastic,,,,
VIEX,XXXXXX,short description,XXXXXX,group description,invoice number,description text of the purchase used for classification by hand,93.06,life sciences,nucleic acids,,,,
VIEX,XXXXXX,short description,XXXXXX,group description,invoice number,description text of the purchase used for classification by hand,93.60,lab chemicals,media,,,,
VIEX,XXXXXX,short description,XXXXXX,group description,invoice number,description text of the purchase used for classification by hand,93.62,lab consumables,plastic,,,,
VIEX,XXXXXX,short description,XXXXXX,group description,invoice number,description text of the purchase used for classification by hand,94.08,lab chemicals,solid/liquid chemicals,,,,
VIEX,XXXXXX,short description,XXXXXX,group description,invoice number,description text of the purchase used for classification by hand,94.36,lab chemicals,solid/liquid chemicals,,,,
VIEX,XXXXXX,short description,XXXXXX,group description,invoice number,description text of the purchase used for classification by hand,94.36,lab consumables,plastic,,,,
VIEX,XXXXXX,short description,XXXXXX,group description,invoice number,description text of the purchase used for classification by hand,94.51,lab consumables,plastic/paper,,,,
VIEX,XXXXXX,short description,XXXXXX,group description,invoice number,description text of the purchase used for classification by hand,94.51,lab chemicals,media,,,,
VIEX,XXXXXX,short description,XXXXXX,group description,invoice number,description text of the purchase used for classification by hand,94.93,lab consumables,plastic,,,,
VIEX,XXXXXX,short description,XXXXXX,group description,invoice number,description text of the purchase used for classification by hand,95.42,lab consumables,plastic,,,,
VIEX,XXXXXX,short description,XXXXXX,group description,invoice number,description text of the purchase used for classification by hand,95.76,lab consumables,glass,,,,
VIEX,XXXXXX,short description,XXXXXX,group description,invoice number,description text of the purchase used for classification by hand,96.00,life sciences,enzymes/proteins,,,,
VIEX,XXXXXX,short description,XXXXXX,group description,invoice number,description text of the purchase used for classification by hand,96.00,life sciences,enzymes/proteins,,,,
VIEX,XXXXXX,short description,XXXXXX,group description,invoice number,description text of the purchase used for classification by hand,96.12,lab chemicals,media,,,,
VIEX,XXXXXX,short description,XXXXXX,group description,invoice number,description text of the purchase used for classification by hand,96.16,lab consumables,metal,,,,
VIEX,XXXXXX,short description,XXXXXX,group description,invoice number,description text of the purchase used for classification by hand,96.27,lab consumables,plastic,,,,
VIEX,XXXXXX,short description,XXXXXX,group description,invoice number,description text of the purchase used for classification by hand,96.72,lab consumables,plastic,,,,
VIEX,XXXXXX,short description,XXXXXX,group description,invoice number,description text of the purchase used for classification by hand,97.08,lab chemicals,solid/liquid chemicals,,,,
VIEX,XXXXXX,short description,XXXXXX,group description,invoice number,description text of the purchase used for classification by hand,97.53,lab chemicals,solvents,,,,
VIEX,XXXXXX,short description,XXXXXX,group description,invoice number,description text of the purchase used for classification by hand,97.92,life sciences,enzymes/proteins,,,,
VIEX,XXXXXX,short description,XXXXXX,group description,invoice number,description text of the purchase used for classification by hand,98.29,lab chemicals,water,,,,
VIEX,XXXXXX,short description,XXXXXX,group description,invoice number,description text of the purchase used for classification by hand,98.46,lab consumables,plastic,,,,
VIEX,XXXXXX,short description,XXXXXX,group description,invoice number,description text of the purchase used for classification by hand,98.59,lab consumables,plastic,,,,
VIEX,XXXXXX,short description,XXXXXX,group description,invoice number,description text of the purchase used for classification by hand,98.85,lab consumables,plastic,,,,
VIEX,XXXXXX,short description,XXXXXX,group description,invoice number,description text of the purchase used for classification by hand,99.00,lab chemicals,solid/liquid chemicals,,,,
VIEX,XXXXXX,short description,XXXXXX,group description,invoice number,description text of the purchase used for classification by hand,99.11,life sciences,nucleic acids,,,,
VIEX,XXXXXX,short description,XXXXXX,group description,invoice number,description text of the purchase used for classification by hand,99.12,lab consumables,plastic,,,,
VIEX,XXXXXX,short description,XXXXXX,group description,invoice number,description text of the purchase used for classification by hand,99.24,lab consumables,plastic,,,,
VIEX,XXXXXX,short description,XXXXXX,group description,invoice number,description text of the purchase used for classification by hand,100.00,lab consumables,plastic,,,,
VIEX,XXXXXX,short description,XXXXXX,group description,invoice number,description text of the purchase used for classification by hand,100.08,services,,,,,
VIEX,XXXXXX,short description,XXXXXX,group description,invoice number,description text of the purchase used for classification by hand,100.09,lab consumables ,gloves,,,,
VIEX,XXXXXX,short description,XXXXXX,group description,invoice number,description text of the purchase used for classification by hand,100.32,lab consumables,plastic,,,,
VIEX,XXXXXX,short description,XXXXXX,group description,invoice number,description text of the purchase used for classification by hand,100.46,lab consumables,plastic,,,,
VIEX,XXXXXX,short description,XXXXXX,group description,invoice number,description text of the purchase used for classification by hand,100.50,lab consumables,metal,,,,
VIEX,XXXXXX,short description,XXXXXX,group description,invoice number,description text of the purchase used for classification by hand,100.72,lab consumables,,,,,
VIEX,XXXXXX,short description,XXXXXX,group description,invoice number,description text of the purchase used for classification by hand,100.80,lab chemicals,solvents,,,,
VIEX,XXXXXX,short description,XXXXXX,group description,invoice number,description text of the purchase used for classification by hand,100.80,lab chemicals,?,,,,
VIEX,XXXXXX,short description,XXXXXX,group description,invoice number,description text of the purchase used for classification by hand,100.80,services,,,,,
VIEX,XXXXXX,short description,XXXXXX,group description,invoice number,description text of the purchase used for classification by hand,100.93,life sciences,nucleic acids,,,,
VIEX,XXXXXX,short description,XXXXXX,group description,invoice number,description text of the purchase used for classification by hand,101.05,lab consumables,? unknown material,,,,
VIEX,XXXXXX,short description,XXXXXX,group description,invoice number,description text of the purchase used for classification by hand,101.06,lab consumables,metal,,,,
VIEX,XXXXXX,short description,XXXXXX,group description,invoice number,description text of the purchase used for classification by hand,101.28,life sciences,nucleic acids,,,,
VIEX,XXXXXX,short description,XXXXXX,group description,invoice number,description text of the purchase used for classification by hand,101.30,lab chemicals,water,,,,
VIEX,XXXXXX,short description,XXXXXX,group description,invoice number,description text of the purchase used for classification by hand,101.52,life sciences,nucleic acids,,,,
